article_id	n_comments
000026	0
000042	0
000075	0
000091	0
000109	0
000125	0
000208	0
000216	1
000224	2
000240	0
000257	0
000265	0
000307	0
000315	1
000349	0
000364	0
000380	0
000398	0
000406	0
000414	0
000422	2
000430	0
000448	2
000455	0
000489	0
000497	0
000513	0
000521	0
000547	1
000562	0
000570	1
000588	0
000604	0
000638	0
000653	0
000661	0
000679	0
000687	3
000711	2
000745	0
000752	1
000760	0
000778	0
000786	9
000844	0
000851	0
000869	0
000885	0
000893	0
000919	0
000927	3
000968	0
000992	0
001008	0
001016	0
001024	0
001032	0
001040	0
001065	0
001099	0
001107	0
001123	0
001156	0
001172	0
001198	0
001214	3
001230	0
001255	0
001263	0
001289	0
001297	2
001305	0
001321	0
001347	0
001354	0
001370	0
001396	0
001404	0
001438	0
001446	0
001453	0
001461	0
001487	0
001495	0
001511	0
001529	0
001537	0
001545	0
001552	3
001586	0
001594	0
001602	0
001610	0
001636	0
001651	0
001669	0
001677	0
001685	0
001693	0
001701	0
001727	0
001735	0
001750	1
001784	0
001826	0
001834	0
001867	0
001875	0
001883	0
001891	0
001909	1
001925	0
001933	0
001941	0
001958	0
001974	0
001990	0
002006	0
002014	0
002022	0
002055	0
002063	0
002071	0
002089	0
002097	0
002105	3
002121	1
002139	0
002147	0
002188	0
002196	0
002238	1
002279	0
002287	0
002295	0
002303	0
002311	0
002329	0
002337	0
002345	0
002352	0
002360	0
002378	0
002386	0
002410	0
002428	1
002436	0
002451	0
002485	1
002493	0
002501	0
002519	0
002527	0
002550	0
002576	0
002584	0
002618	0
002626	0
002634	1
002642	0
002659	0
002667	0
002675	0
002683	1
002691	2
002709	0
002717	0
002725	2
002741	0
002766	0
002782	0
002790	0
002808	0
002816	0
002824	0
002832	1
002881	0
002899	0
002923	0
002931	0
002956	2
002964	2
002972	0
002980	0
002998	2
003004	0
003053	0
003087	0
003095	0
003111	0
003129	0
003137	0
003145	0
003160	0
003178	0
003186	0
003194	0
003202	0
003210	0
003236	0
003244	2
003251	0
003269	0
003285	0
003319	0
003327	0
003368	0
003384	0
003400	0
003475	0
003483	0
003491	0
003525	0
003533	0
003558	1
003608	2
003616	0
003624	0
003657	1
003665	0
003673	0
003723	0
003756	0
003764	0
003772	0
003780	0
003806	0
003848	0
003863	0
003871	0
003889	0
003897	0
003905	0
003913	0
003921	0
003939	0
003988	0
004002	0
004010	0
004028	0
004036	0
004119	0
004127	1
004176	0
004184	0
004192	0
004218	0
004226	0
004242	0
004259	0
004267	0
004283	0
004291	0
004309	0
004317	2
004325	0
004341	0
004366	0
004374	0
004382	0
004390	0
004416	0
004424	0
004432	0
004457	0
004473	0
004481	2
004507	0
004556	0
004564	0
004572	1
004580	0
004614	0
004622	0
004648	0
004655	0
004663	0
004671	0
004689	0
004713	0
004739	0
004747	0
004762	0
004788	3
004796	0
004804	0
004820	0
004846	0
004853	0
004861	0
004887	0
004895	0
004903	0
004911	0
004960	0
004978	0
004986	0
004994	0
005009	0
005017	0
005025	0
005033	0
005041	0
005058	0
005066	0
005074	1
005082	0
005090	0
005124	0
005140	0
005165	3
005173	0
005181	0
005207	7
005215	0
005223	0
005231	0
005249	0
005256	0
005264	1
005298	0
005314	0
005322	0
005330	0
005348	0
005355	0
005363	0
005371	0
005397	0
005405	0
005413	0
005421	0
005439	0
005447	0
005454	0
005462	0
005470	0
005496	0
005504	0
005512	0
005538	0
005546	0
005553	7
005561	0
005579	1
005587	0
005603	0
005611	0
005629	0
005637	0
005645	0
005652	2
005660	0
005686	0
005694	0
005702	0
005710	1
005728	0
005736	0
005751	0
005777	0
005793	0
005819	0
005835	0
005850	1
005868	0
005876	0
005892	1
005900	0
005918	0
005926	3
005934	0
005942	0
005967	0
005983	2
005991	0
006015	0
006023	0
006031	0
006049	0
006056	0
006064	0
006072	0
006080	0
006098	0
006106	0
006122	2
006130	0
006148	0
006155	0
006163	0
006171	0
006205	0
006213	0
006221	0
006247	0
006270	1
006288	0
006312	0
006338	0
006346	0
006353	0
006361	0
006387	0
006395	0
006403	0
006411	1
006437	0
006445	0
006452	0
006478	0
006486	0
006510	0
006544	0
006551	0
006569	0
006577	0
006585	0
006593	0
006601	0
006619	0
006627	1
006635	1
006643	0
006650	0
006676	0
006684	0
006692	0
006700	0
006726	0
006734	0
006742	0
006775	0
006783	0
006791	0
006809	1
006817	1
006825	7
006833	1
006841	0
006866	0
006890	0
006908	0
006916	0
006924	0
006932	0
006940	0
006965	0
006973	0
006981	0
006999	0
007005	0
007021	0
007039	0
007047	0
007054	0
007062	0
007088	0
007096	0
007112	0
007120	0
007153	0
007161	0
007187	11
007203	0
007211	0
007229	0
007237	0
007252	1
007260	0
007278	0
007294	0
007310	0
007336	0
007344	0
007351	0
007369	0
007377	0
007385	0
007393	0
007401	1
007419	1
007427	3
007435	0
007443	0
007450	0
007468	0
007476	1
007484	0
007492	2
007500	0
007518	0
007526	1
007542	2
007559	0
007567	0
007575	0
007583	0
007591	0
007609	0
007617	0
007625	0
007633	0
007641	0
007658	0
007666	0
007674	0
007682	0
007690	0
007708	0
007716	0
007724	0
007732	0
007740	0
007757	0
007765	0
007773	0
007781	1
007799	0
007807	0
007823	0
007831	6
007849	0
007864	0
007898	0
007906	0
007914	0
007922	1
007930	0
007948	0
007955	0
007963	0
007971	0
008003	2
008011	0
008029	0
008037	0
008052	0
008078	0
008110	0
008128	0
008136	0
008144	3
008151	0
008169	0
008177	0
008185	0
008193	0
008201	1
008219	0
008227	0
008235	0
008250	2
008268	0
008276	0
008284	2
008318	0
008326	0
008342	0
008359	0
008367	0
008375	0
008383	0
008409	0
008417	1
008425	3
008433	0
008458	0
008466	0
008474	0
008482	0
008490	2
008508	0
008516	0
008524	0
008532	0
008540	0
008557	0
008565	1
008581	0
008607	0
008615	0
008623	0
008631	0
008649	0
008656	0
008664	0
008672	0
008680	0
008698	3
008706	0
008714	0
008730	0
008748	0
008755	0
008763	0
008771	0
008789	0
008797	1
008805	0
008813	0
008821	0
008839	0
008847	0
008854	0
008862	0
008896	0
008904	0
008912	0
008920	0
008938	4
008946	0
008953	1
008961	0
008979	0
008987	0
008995	0
009001	0
009027	1
009068	0
009084	0
009092	1
009100	0
009126	0
009134	2
009175	1
009183	0
009191	0
009209	0
009217	0
009225	0
009258	0
009274	0
009282	0
009290	0
009308	1
009332	0
009340	3
009357	0
009365	0
009373	0
009407	0
009423	3
009431	0
009449	0
009456	0
009464	0
009472	0
009480	0
009498	0
009506	0
009522	0
009548	0
009555	0
009563	0
009571	0
009589	0
009597	0
009613	1
009654	0
009670	0
009688	0
009696	0
009720	0
009746	0
009753	0
009761	0
009795	1
009803	0
009811	0
009829	0
009837	0
009845	0
009878	0
009886	0
009894	0
009902	0
009928	1
009936	0
009944	0
009951	0
009969	0
009977	1
009985	0
009993	0
010009	0
010017	0
010033	0
010041	0
010058	0
010066	0
010074	1
010082	0
010090	0
010116	0
010124	0
010132	0
010140	0
010165	0
010173	0
010181	0
010199	0
010207	0
010215	0
010231	0
010249	0
010256	0
010314	1
010322	0
010330	0
010348	1
010355	0
010363	0
010371	0
010389	0
010397	0
010405	0
010413	0
010488	0
010496	0
010504	0
010512	1
010520	0
010538	0
010546	7
010553	0
010561	0
010587	0
010595	2
010603	0
010611	0
010629	0
010637	0
010645	0
010652	0
010686	0
010702	0
010710	0
010728	0
010751	0
010769	1
010777	0
010785	0
010793	0
010801	0
010819	0
010835	0
010843	0
010850	0
010868	0
010876	0
010884	0
010900	0
010918	0
010926	0
010934	0
010942	0
010959	0
010967	0
010975	0
010983	0
010991	1
011007	1
011023	0
011031	0
011049	0
011056	0
011064	0
011072	0
011080	0
011106	0
011122	0
011130	2
011171	0
011189	0
011197	1
011205	0
011213	0
011221	3
011247	0
011262	1
011270	0
011288	0
011296	0
011304	0
011320	0
011346	0
011353	0
011361	0
011379	0
011403	1
011411	0
011429	1
011486	0
011502	0
011510	0
011536	0
011569	0
011577	1
011601	0
011635	0
011676	0
011684	0
011692	0
011700	0
011718	0
011734	0
011742	0
011759	0
011767	0
011775	0
011783	1
011791	0
011809	0
011817	0
011833	0
011841	0
011858	0
011866	0
011882	0
011890	0
011916	0
011932	0
011940	0
011957	0
011965	0
011973	0
011999	0
012005	0
012013	0
012021	0
012070	0
012104	1
012112	0
012138	0
012161	0
012179	0
012195	0
012211	0
012229	0
012237	0
012260	0
012278	0
012310	3
012344	0
012369	0
012385	0
012393	0
012401	0
012435	0
012443	0
012468	0
012476	0
012492	0
012500	0
012518	0
012526	0
012534	0
012542	1
012559	0
012567	0
012583	0
012591	0
012609	0
012617	0
012625	0
012641	0
012658	0
012666	1
012682	0
012690	0
012708	0
012716	0
012732	0
012740	0
012757	0
012799	0
012807	0
012815	0
012823	0
012831	0
012849	0
012856	0
012864	0
012872	0
012880	0
012906	0
012914	0
012922	0
012930	0
012955	0
012963	0
012971	0
012989	0
012997	0
013003	0
013011	0
013029	0
013037	0
013045	0
013052	0
013078	0
013086	0
013110	1
013128	0
013136	0
013144	0
013151	0
013169	0
013177	0
013185	1
013201	0
013227	0
013243	0
013250	0
013268	0
013276	2
013284	0
013318	0
013326	0
013334	0
013342	0
013359	0
013367	0
013375	0
013383	0
013417	0
013425	0
013433	11
013441	1
013458	0
013474	0
013482	0
013490	1
013508	0
013516	1
013532	0
013540	0
013573	0
013581	0
013599	0
013607	0
013615	0
013623	0
013631	0
013649	0
013656	0
013664	0
013672	0
013680	0
013698	0
013706	0
013714	0
013722	0
013730	1
013755	0
013763	0
013771	0
013789	0
013797	0
013805	0
013813	0
013821	0
013839	0
013847	0
013854	0
013862	0
013870	0
013888	2
013896	0
013904	8
013912	0
013920	0
013938	0
013946	0
013953	0
013961	3
013979	0
013987	0
013995	0
014001	0
014019	0
014027	0
014035	0
014043	0
014050	1
014068	0
014076	0
014092	0
014100	0
014118	0
014126	3
014134	0
014142	1
014159	0
014167	0
014175	0
014183	0
014209	0
014217	0
014225	0
014233	0
014241	1
014258	0
014274	0
014282	0
014290	0
014308	0
014316	0
014324	0
014340	0
014357	0
014365	0
014373	0
014381	0
014399	0
014407	0
014415	0
014423	0
014431	0
014449	0
014456	0
014464	0
014472	0
014498	2
014514	0
014522	0
014530	2
014548	0
014563	0
014571	0
014589	0
014605	0
014613	0
014639	0
014647	0
014654	0
014662	0
014688	0
014696	0
014704	0
014720	0
014738	0
014779	1
014787	0
014795	1
014803	0
014811	0
014829	0
014837	0
014845	0
014852	0
014886	0
014894	0
014902	0
014910	0
014928	0
014936	0
014944	0
014951	0
014977	0
014985	0
014993	0
015008	1
015016	0
015032	0
015040	0
015057	0
015065	0
015099	0
015107	0
015115	0
015123	0
015131	0
015149	0
015156	0
015164	0
015172	0
015180	0
015198	0
015214	0
015222	0
015230	0
015289	0
015297	0
015305	0
015321	0
015339	0
015370	0
015396	5
015404	0
015412	0
015438	0
015446	0
015453	0
015479	1
015495	0
015503	0
015511	0
015529	0
015537	0
015545	2
015552	7
015560	0
015578	0
015586	0
015594	0
015602	0
015628	0
015651	0
015669	0
015677	0
015685	0
015693	0
015719	0
015727	0
015743	0
015750	0
015776	0
015784	0
015792	0
015800	0
015818	0
015826	0
015834	0
015859	0
015867	3
015875	0
015883	2
015891	0
015909	0
015917	0
015925	0
015941	0
015958	0
015966	0
015974	0
016006	2
016022	0
016030	0
016063	0
016089	0
016097	0
016105	0
016121	0
016139	0
016154	0
016162	0
016188	0
016196	0
016204	0
016212	0
016238	1
016246	1
016261	0
016295	0
016303	0
016311	0
016329	1
016337	0
016345	0
016352	0
016360	0
016378	0
016386	0
016394	0
016402	0
016410	1
016428	0
016436	0
016451	0
016469	0
016477	11
016485	0
016493	0
016519	1
016527	0
016543	0
016576	0
016592	0
016618	0
016626	0
016642	1
016659	0
016667	0
016675	0
016683	0
016691	0
016709	0
016725	0
016733	0
016758	0
016774	0
016782	0
016790	0
016808	1
016816	1
016824	0
016832	0
016840	2
016857	0
016865	0
016873	0
016881	0
016915	0
016923	0
016931	0
016949	0
016956	0
016964	0
016972	0
016980	0
016998	0
017020	0
017046	0
017053	0
017061	0
017087	3
017095	0
017103	3
017111	0
017129	0
017137	0
017145	0
017152	0
017160	0
017178	0
017186	0
017194	1
017202	0
017210	0
017244	0
017251	0
017269	0
017277	0
017285	0
017301	0
017319	1
017327	2
017343	0
017350	0
017368	0
017376	0
017384	0
017392	4
017400	0
017418	0
017426	0
017434	0
017459	0
017467	0
017475	4
017483	0
017491	0
017509	2
017525	0
017533	0
017558	0
017566	1
017574	0
017582	0
017590	1
017608	0
017624	0
017632	1
017657	0
017665	0
017673	1
017681	0
017699	0
017707	0
017723	0
017731	0
017749	0
017756	0
017772	0
017798	0
017806	0
017814	0
017822	0
017830	1
017848	0
017855	0
017863	1
017871	0
017889	0
017897	0
017913	0
017921	0
017939	2
017947	0
017954	0
017962	0
017988	0
017996	1
018010	0
018028	0
018036	3
018044	0
018051	0
018069	0
018077	0
018085	0
018093	0
018101	0
018127	0
018143	0
018150	1
018168	0
018176	0
018184	0
018192	0
018200	0
018218	2
018226	0
018234	0
018259	0
018267	0
018283	0
018291	0
018317	0
018325	0
018333	0
018358	0
018366	1
018374	0
018408	0
018416	0
018424	0
018432	0
018457	0
018465	0
018473	0
018481	0
018499	0
018507	0
018515	0
018523	0
018531	0
018549	0
018564	0
018572	0
018580	0
018606	0
018622	0
018648	0
018655	1
018671	0
018697	0
018705	0
018713	0
018721	0
018739	0
018747	0
018754	0
018762	0
018770	0
018788	0
018796	0
018804	0
018820	0
018846	0
018853	0
018861	0
018879	0
018887	0
018895	0
018911	0
018929	0
018937	0
018945	0
018952	0
018960	0
018978	0
018986	1
018994	0
019000	1
019018	0
019026	0
019034	0
019042	0
019067	0
019075	0
019083	0
019109	0
019117	0
019125	0
019133	0
019141	0
019158	0
019166	8
019174	0
019182	0
019190	0
019208	0
019216	0
019224	0
019232	0
019240	0
019257	0
019265	0
019273	0
019281	0
019299	0
019307	0
019315	0
019323	0
019349	0
019356	3
019372	0
019380	0
019398	0
019406	0
019414	0
019430	0
019448	0
019455	0
019471	0
019497	0
019505	0
019513	0
019521	0
019539	1
019547	0
019554	0
019562	0
019570	0
019588	0
019596	1
019604	0
019612	0
019620	0
019638	0
019646	0
019653	0
019661	0
019687	0
019695	0
019711	0
019737	0
019745	0
019752	0
019760	1
019786	0
019794	0
019802	1
019828	0
019836	0
019844	0
019851	0
019869	0
019877	0
019885	0
019893	0
019901	0
019927	0
019935	0
019943	0
019968	0
019976	0
019984	0
020024	0
020099	0
020107	0
020115	0
020123	1
020131	0
020149	0
020164	0
020172	0
020180	0
020198	0
020206	0
020214	0
020222	0
020230	6
020255	0
020263	0
020271	0
020289	3
020297	0
020305	0
020313	0
020321	0
020339	0
020347	0
020354	0
020362	0
020370	0
020388	0
020396	3
020404	0
020420	0
020453	0
020461	0
020479	0
020487	0
020503	0
020511	0
020529	1
020537	0
020545	0
020552	0
020560	0
020578	0
020586	0
020594	0
020602	0
020610	1
020636	0
020644	0
020651	0
020669	3
020677	0
020685	0
020693	0
020701	0
020719	1
020735	0
020743	0
020776	0
020784	0
020792	0
020800	0
020818	0
020826	0
020834	0
020842	0
020859	0
020867	0
020875	0
020883	0
020891	0
020909	0
020917	0
020933	0
020958	0
020966	0
020974	2
020990	0
021006	0
021022	0
021030	0
021048	0
021055	0
021063	0
021071	3
021105	0
021113	0
021121	0
021147	0
021154	0
021162	0
021170	0
021204	0
021212	2
021220	0
021238	0
021246	0
021253	0
021261	0
021279	0
021287	0
021295	0
021303	0
021311	0
021329	0
021360	0
021378	0
021386	3
021402	0
021410	0
021428	0
021436	0
021444	0
021469	0
021485	0
021501	2
021519	0
021527	1
021535	0
021543	0
021550	0
021568	0
021576	0
021584	0
021592	2
021600	0
021618	0
021626	0
021634	0
021642	0
021659	0
021667	0
021683	0
021691	0
021709	0
021717	0
021725	0
021733	0
021741	0
021758	1
021766	0
021774	0
021782	0
021790	0
021824	0
021832	0
021840	0
021857	0
021881	0
021907	0
021915	0
021923	0
021931	3
021964	0
021972	0
021980	0
021998	0
022004	1
022012	0
022020	0
022038	0
022046	0
022053	0
022061	0
022079	0
022103	0
022111	0
022137	0
022145	0
022152	1
022160	7
022178	0
022194	0
022202	0
022236	0
022244	0
022251	0
022269	0
022277	0
022285	0
022293	7
022301	0
022335	0
022343	0
022350	0
022368	28
022376	1
022384	0
022400	0
022418	0
022434	0
022442	0
022459	0
022467	0
022475	0
022483	0
022491	0
022525	0
022533	0
022566	0
022574	0
022590	0
022608	0
022616	0
022632	0
022640	0
022657	0
022665	0
022673	0
022681	0
022699	0
022707	8
022715	0
022723	5
022731	2
022756	0
022764	0
022772	0
022780	0
022798	0
022806	0
022814	0
022830	0
022855	1
022863	1
022871	0
022889	0
022897	0
022905	0
022913	0
022939	0
022947	0
022962	1
022970	0
022988	0
022996	0
023002	0
023010	0
023036	0
023044	0
023051	0
023069	0
023077	0
023085	0
023093	0
023101	0
023119	0
023127	0
023135	0
023168	0
023176	0
023184	0
023200	0
023226	0
023234	0
023242	0
023259	0
023267	0
023275	0
023283	0
023291	0
023309	0
023317	0
023333	0
023341	0
023358	0
023366	0
023374	0
023382	0
023390	0
023408	0
023432	0
023440	0
023457	0
023465	0
023473	0
023481	0
023499	0
023507	0
023515	0
023523	0
023531	0
023549	0
023556	0
023564	0
023572	0
023580	0
023598	0
023606	0
023614	0
023622	0
023630	0
023648	0
023655	0
023663	0
023689	0
023697	0
023705	0
023713	0
023721	0
023739	0
023747	0
023754	0
023770	0
023788	0
023796	0
023804	0
023820	0
023838	1
023846	0
023861	0
023879	1
023887	0
023895	0
023903	0
023911	0
023929	0
023937	0
023978	0
023986	0
023994	0
024000	0
024018	0
024026	0
024034	0
024042	0
024059	0
024067	0
024083	0
024109	0
024117	3
024133	4
024158	0
024174	0
024182	0
024190	0
024208	0
024216	0
024224	0
024232	0
024240	0
024257	0
024265	0
024273	0
024281	0
024299	0
024307	0
024315	0
024323	0
024331	0
024349	2
024356	0
024364	0
024398	0
024406	0
024414	0
024422	0
024430	0
024448	0
024455	0
024463	0
024471	0
024497	0
024513	0
024521	0
024547	0
024554	0
024562	0
024570	0
024588	0
024596	0
024604	0
024612	0
024620	0
024646	0
024653	0
024661	0
024679	0
024695	0
024703	0
024711	0
024737	0
024745	0
024778	0
024794	2
024802	0
024810	0
024828	0
024844	0
024851	0
024869	0
024877	12
024893	0
024919	0
024927	0
024935	0
024950	0
024976	0
024992	0
025007	0
025015	0
025023	1
025056	0
025064	0
025098	0
025106	0
025114	0
025122	0
025130	0
025148	0
025171	0
025189	0
025197	0
025205	0
025221	0
025239	0
025247	1
025254	0
025262	0
025288	0
025338	0
025346	0
025353	0
025361	0
025379	0
025387	0
025411	0
025429	0
025437	0
025445	0
025452	0
025486	0
025494	0
025502	0
025510	0
025528	2
025536	0
025544	0
025551	0
025569	0
025577	1
025585	1
025601	0
025619	0
025635	0
025650	0
025668	0
025676	0
025684	0
025700	0
025726	0
025734	0
025742	0
025767	0
025791	0
025809	0
025817	0
025833	0
025841	0
025858	0
025866	0
025874	0
025882	0
025890	0
025908	0
025916	0
025924	0
025940	0
025957	1
025973	0
025981	0
025999	1
026005	0
026013	0
026021	0
026039	0
026062	0
026070	0
026088	0
026112	0
026120	0
026146	0
026153	1
026161	0
026195	0
026203	0
026229	0
026252	0
026260	0
026278	0
026286	2
026294	0
026302	0
026310	0
026336	0
026344	0
026351	0
026369	0
026377	0
026385	0
026393	0
026401	1
026419	0
026427	0
026435	0
026443	0
026450	0
026468	0
026476	0
026484	0
026492	0
026500	1
026518	0
026534	0
026559	0
026567	0
026575	0
026583	0
026591	0
026617	0
026625	0
026633	0
026641	0
026658	0
026666	0
026674	0
026682	0
026708	0
026716	0
026724	0
026732	0
026740	0
026757	0
026765	2
026781	0
026799	0
026823	0
026831	1
026856	0
026872	0
026898	0
026914	0
026922	0
026930	1
026948	0
026955	0
026963	1
026971	0
026989	2
027003	0
027037	0
027045	0
027060	0
027078	0
027086	0
027102	0
027110	0
027144	0
027151	0
027169	0
027177	0
027185	0
027201	0
027219	0
027227	4
027235	0
027243	0
027268	0
027276	0
027284	0
027292	0
027318	0
027326	0
027334	0
027342	0
027359	0
027367	0
027375	0
027383	0
027391	0
027409	0
027417	0
027425	0
027433	0
027441	0
027458	0
027466	0
027474	0
027490	0
027508	0
027516	0
027524	0
027532	0
027540	0
027581	0
027599	0
027607	0
027615	0
027623	0
027631	0
027649	0
027656	0
027664	0
027680	0
027706	0
027714	0
027722	0
027730	0
027755	3
027763	3
027771	0
027789	0
027797	0
027805	0
027813	0
027821	0
027839	0
027847	0
027854	0
027870	0
027888	0
027896	0
027904	0
027912	0
027920	0
027938	0
027946	0
027953	0
027961	0
027979	0
027995	0
028001	0
028019	0
028027	0
028035	0
028043	0
028050	0
028068	0
028076	0
028092	0
028100	0
028134	3
028142	0
028159	5
028167	0
028175	0
028183	0
028191	4
028209	0
028217	0
028225	0
028241	0
028266	0
028274	0
028282	0
028290	0
028308	4
028316	0
028324	0
028332	2
028340	0
028357	0
028381	0
028399	0
028415	0
028423	0
028449	1
028456	0
028464	0
028472	0
028506	0
028514	0
028522	7
028548	0
028555	0
028571	0
028597	0
028647	0
028654	0
028662	0
028670	0
028688	0
028696	0
028720	0
028738	0
028746	1
028753	0
028761	0
028787	0
028795	2
028803	0
028811	0
028837	0
028845	0
028860	0
028878	1
028886	0
028894	0
028902	0
028910	0
028936	0
028951	0
028969	0
028977	0
028985	0
028993	0
029009	0
029017	0
029033	0
029041	4
029058	0
029066	0
029082	1
029090	0
029108	0
029116	0
029124	1
029132	0
029140	0
029157	0
029165	0
029173	0
029199	1
029207	0
029223	0
029249	0
029256	0
029306	20
029314	0
029322	0
029330	0
029348	0
029355	0
029363	0
029371	0
029397	3
029405	0
029421	0
029439	0
029447	1
029454	0
029462	0
029470	0
029488	0
029496	0
029504	1
029512	0
029520	0
029538	0
029546	0
029553	0
029561	0
029587	1
029595	0
029603	0
029611	0
029629	4
029637	0
029645	0
029652	0
029660	0
029686	1
029694	0
029702	0
029710	0
029736	0
029751	1
029769	0
029777	0
029801	0
029819	0
029827	0
029843	0
029850	0
029868	0
029876	0
029892	0
029900	0
029918	0
029926	2
029934	0
029942	3
029967	0
029975	0
029983	0
029991	0
030007	0
030015	0
030031	0
030049	0
030056	0
030072	0
030080	0
030122	0
030148	1
030155	0
030163	0
030189	0
030205	0
030221	0
030239	0
030247	0
030254	1
030262	0
030270	0
030288	0
030296	0
030304	0
030312	0
030338	18
030346	0
030353	0
030361	0
030387	1
030395	0
030403	0
030411	0
030437	0
030452	0
030478	0
030486	0
030494	0
030528	0
030536	0
030544	2
030551	3
030569	0
030577	0
030585	0
030593	0
030601	0
030619	0
030650	0
030668	0
030676	0
030692	0
030700	0
030718	0
030742	1
030759	0
030767	0
030775	0
030783	0
030791	0
030809	0
030825	0
030833	0
030841	0
030858	0
030866	0
030874	0
030908	0
030916	0
030924	0
030932	3
030940	0
030957	0
030965	0
030973	0
030981	0
030999	0
031005	0
031013	0
031021	0
031039	0
031047	0
031062	0
031070	0
031088	0
031096	0
031104	0
031120	0
031138	0
031146	0
031161	0
031179	0
031187	0
031195	0
031203	0
031229	5
031237	0
031245	0
031252	0
031260	0
031278	1
031286	0
031294	0
031302	0
031328	0
031336	0
031344	0
031351	0
031369	0
031385	0
031393	0
031419	1
031427	0
031435	3
031443	0
031468	0
031476	0
031484	0
031492	0
031500	0
031518	0
031534	0
031542	0
031575	0
031583	0
031591	0
031609	0
031617	0
031625	0
031633	0
031641	0
031658	0
031666	0
031674	1
031708	2
031716	0
031724	0
031732	0
031740	2
031757	0
031765	0
031773	0
031781	0
031799	0
031807	0
031815	0
031831	0
031849	0
031856	0
031864	0
031872	0
031880	0
031898	0
031906	0
031914	0
031922	0
031930	3
031948	0
031963	0
031971	0
031997	0
032003	1
032029	0
032037	0
032045	0
032060	0
032078	0
032086	0
032102	0
032110	1
032128	0
032136	0
032144	0
032151	0
032169	0
032185	0
032201	0
032219	0
032227	0
032243	0
032250	0
032276	0
032284	0
032292	0
032300	1
032318	0
032342	3
032359	0
032367	0
032383	0
032391	0
032409	0
032417	0
032425	0
032441	0
032458	0
032474	0
032482	0
032490	0
032508	0
032516	0
032532	0
032540	2
032557	0
032565	0
032573	0
032581	0
032607	0
032615	0
032623	0
032649	0
032656	0
032664	0
032680	3
032714	0
032748	0
032755	0
032763	6
032789	0
032797	0
032805	0
032813	0
032821	0
032839	1
032847	0
032854	0
032862	0
032870	0
032904	0
032912	0
032920	0
032938	0
032946	0
032953	0
032961	0
032979	1
032987	0
032995	0
033001	0
033019	0
033027	0
033043	0
033050	0
033068	0
033076	0
033084	2
033092	2
033118	0
033134	0
033142	0
033159	0
033167	0
033175	0
033191	0
033217	0
033225	2
033233	0
033241	0
033266	2
033274	0
033282	0
033290	0
033308	0
033332	0
033340	0
033365	0
033373	0
033407	2
033423	0
033431	0
033456	1
033464	3
033472	0
033480	0
033498	0
033506	0
033514	1
033522	0
033530	0
033548	0
033555	0
033563	0
033571	0
033597	0
033605	0
033613	0
033621	2
033639	0
033647	0
033654	2
033662	1
033670	0
033696	0
033712	0
033720	0
033738	0
033746	0
033753	0
033787	0
033803	0
033811	0
033829	0
033845	0
033852	0
033878	0
033886	0
033894	0
033902	0
033910	0
033928	0
033936	0
033944	0
033951	0
033969	0
033977	0
033985	0
034009	0
034017	0
034025	0
034033	0
034041	0
034058	3
034066	0
034074	0
034082	0
034090	0
034108	0
034116	0
034124	0
034132	0
034140	0
034157	0
034165	0
034173	0
034181	0
034199	0
034207	0
034215	0
034223	0
034231	0
034249	0
034256	2
034272	0
034280	0
034298	0
034306	0
034314	8
034322	0
034330	0
034348	0
034355	0
034363	1
034371	0
034389	0
034397	0
034405	0
034413	0
034421	0
034439	0
034447	0
034454	2
034462	0
034470	1
034488	0
034512	0
034520	2
034538	0
034546	0
034553	0
034561	1
034579	0
034595	0
034603	0
034629	0
034637	0
034645	0
034652	0
034660	0
034694	2
034710	0
034728	0
034736	0
034744	0
034769	0
034777	1
034785	0
034793	0
034801	0
034819	0
034827	0
034835	0
034843	0
034868	0
034876	0
034884	0
034892	0
034900	0
034918	0
034926	0
034942	0
034959	0
034967	0
034975	0
034983	1
034991	0
035006	0
035014	0
035022	0
035063	1
035071	2
035097	0
035105	0
035113	0
035121	0
035139	0
035154	1
035162	0
035170	0
035188	0
035196	0
035204	0
035212	1
035220	1
035238	0
035246	0
035253	1
035287	0
035295	0
035303	0
035329	0
035337	0
035345	0
035352	0
035360	4
035378	0
035386	0
035436	0
035444	0
035451	0
035477	0
035485	0
035493	6
035501	0
035519	0
035527	0
035543	0
035576	0
035600	0
035626	0
035642	0
035667	0
035675	0
035683	0
035709	0
035725	0
035733	0
035741	0
035758	2
035766	0
035774	0
035782	0
035790	0
035808	0
035816	0
035824	0
035832	0
035840	0
035857	0
035873	0
035899	0
035907	0
035915	0
035923	0
035931	0
035949	0
035956	0
035972	0
035980	0
035998	0
036004	1
036012	0
036020	0
036038	0
036046	0
036053	0
036061	0
036087	0
036095	0
036103	8
036111	0
036129	2
036137	0
036145	0
036152	0
036160	0
036178	0
036186	0
036194	0
036228	0
036236	1
036244	0
036251	0
036269	0
036277	0
036285	0
036293	0
036301	2
036327	0
036335	0
036368	0
036376	1
036384	1
036392	0
036400	0
036418	0
036426	0
036434	0
036442	0
036467	0
036475	0
036483	2
036491	1
036509	0
036525	0
036533	0
036541	0
036558	0
036566	0
036574	0
036582	0
036590	2
036608	0
036616	0
036624	0
036632	1
036640	1
036657	0
036665	0
036681	2
036707	0
036731	0
036764	0
036772	0
036780	0
036798	1
036806	0
036814	0
036822	1
036830	0
036848	0
036855	0
036863	0
036889	0
036897	0
036905	0
036947	0
036954	0
036962	0
036970	0
036988	0
037010	0
037028	0
037044	0
037051	0
037069	0
037077	0
037085	0
037093	0
037101	0
037127	0
037135	0
037143	0
037150	0
037176	0
037184	0
037192	0
037200	0
037218	0
037226	0
037234	0
037259	0
037267	3
037275	0
037283	0
037291	0
037309	1
037317	0
037325	0
037333	0
037341	1
037358	0
037374	0
037382	0
037390	0
037408	0
037424	0
037440	0
037457	0
037465	0
037473	0
037515	0
037523	0
037531	0
037549	0
037564	0
037598	0
037606	1
037630	0
037648	0
037655	0
037671	0
037689	0
037705	0
037713	0
037721	1
037762	1
037770	0
037788	0
037812	0
037820	0
037838	1
037861	0
037887	0
037895	0
037911	0
037929	0
037937	0
037952	0
037960	0
037978	0
037986	0
037994	2
038000	0
038018	0
038026	0
038034	0
038042	0
038059	0
038067	0
038083	0
038091	0
038117	0
038125	0
038133	0
038141	0
038158	0
038174	2
038190	0
038208	0
038216	0
038224	2
038232	1
038240	0
038257	0
038273	0
038281	0
038299	0
038315	1
038323	0
038331	0
038356	0
038364	0
038372	0
038380	0
038398	0
038406	0
038414	0
038422	0
038430	0
038448	1
038455	0
038463	0
038471	0
038489	0
038497	0
038505	0
038513	0
038539	0
038554	0
038562	0
038570	0
038588	0
038596	0
038604	0
038612	0
038620	0
038638	0
038646	0
038679	0
038687	0
038695	0
038711	0
038729	0
038737	0
038745	0
038760	0
038778	0
038794	0
038810	0
038828	0
038844	0
038851	3
038869	0
038877	0
038893	0
038901	0
038919	0
038935	0
038950	0
038968	0
038976	0
038984	0
038992	0
039008	0
039024	0
039032	0
039040	0
039057	0
039065	2
039073	0
039099	0
039107	4
039115	0
039123	0
039131	0
039156	0
039164	0
039180	0
039198	0
039206	1
039214	0
039222	0
039230	0
039248	5
039255	0
039263	0
039289	0
039297	0
039313	0
039321	0
039339	0
039347	0
039354	6
039362	0
039370	0
039388	0
039396	0
039404	0
039412	0
039438	0
039446	0
039453	0
039479	0
039487	1
039495	0
039503	0
039511	0
039529	0
039545	0
039552	0
039560	0
039578	0
039594	1
039602	0
039610	0
039636	0
039644	0
039651	0
039669	0
039685	0
039693	2
039735	0
039743	0
039750	0
039768	0
039776	0
039784	0
039792	0
039800	0
039818	0
039826	0
039834	0
039842	0
039859	0
039867	0
039875	0
039883	0
039909	0
039917	0
039925	0
039933	0
039958	0
039966	0
039982	0
040014	0
040022	0
040030	0
040048	0
040055	1
040071	0
040089	1
040097	0
040105	0
040113	0
040121	0
040139	0
040147	0
040154	0
040162	0
040170	0
040188	0
040196	0
040204	0
040212	0
040220	0
040238	1
040246	2
040261	0
040279	1
040295	0
040303	0
040311	0
040337	0
040345	0
040352	0
040360	0
040386	1
040394	1
040402	0
040410	0
040428	2
040436	0
040477	0
040485	0
040493	0
040501	0
040519	0
040527	0
040543	0
040568	0
040576	0
040584	0
040592	0
040600	0
040618	0
040626	0
040634	2
040642	0
040659	0
040667	0
040675	0
040717	0
040733	1
040741	0
040899	0
040907	0
040923	0
040931	0
040956	0
040964	0
040980	0
040998	0
041004	0
041012	0
041020	2
041038	0
041061	0
041079	0
041087	0
041095	0
041103	0
041111	0
041137	0
041145	1
041152	0
041178	0
041186	0
041202	0
041236	0
041244	0
041277	7
041285	0
041301	0
041327	0
041335	0
041343	0
041368	0
041376	0
041384	0
041400	0
041418	0
041426	0
041434	0
041459	0
041467	0
041475	0
041483	0
041491	0
041509	0
041525	0
041533	0
041541	0
041558	0
041566	0
041582	0
041608	0
041616	0
041624	0
041632	1
041640	0
041665	0
041673	0
041699	0
041707	1
041715	2
041723	0
041731	0
041749	0
041756	0
041772	0
041780	0
041798	0
041806	0
041822	0
041830	0
041848	0
041855	0
041863	2
041871	1
041889	2
041897	2
041905	0
041913	0
041921	0
041947	0
041962	0
041988	0
041996	0
042002	0
042010	0
042028	0
042036	0
042044	0
042051	0
042069	0
042085	0
042101	0
042119	0
042127	0
042135	0
042143	0
042150	4
042168	2
042176	1
042184	0
042192	0
042200	0
042218	0
042226	0
042234	0
042242	0
042267	0
042275	0
042291	0
042309	0
042317	0
042325	0
042333	0
042341	2
042358	0
042366	0
042374	0
042382	0
042390	0
042408	0
042416	2
042424	0
042432	0
042440	0
042457	0
042481	0
042499	0
042507	0
042515	0
042523	0
042549	0
042572	0
042580	0
042598	0
042614	0
042622	0
042630	0
042655	0
042663	0
042697	0
042705	0
042739	0
042770	0
042788	3
042796	3
042812	0
042820	0
042838	0
042846	0
042853	3
042879	3
042887	0
042895	0
042903	0
042929	0
042937	0
042945	0
042952	0
042978	0
042986	0
042994	0
043000	0
043018	0
043026	0
043034	0
043042	0
043059	0
043075	0
043083	0
043091	0
043109	0
043117	0
043133	0
043158	0
043166	1
043174	0
043182	0
043190	0
043208	0
043224	0
043232	0
043240	0
043257	0
043265	0
043273	0
043281	0
043299	0
043307	0
043315	0
043331	0
043349	0
043364	0
043372	6
043398	0
043414	0
043422	0
043430	1
043448	0
043455	0
043463	0
043471	0
043513	0
043547	0
043554	0
043562	0
043570	0
043604	0
043612	0
043620	0
043638	0
043653	0
043661	0
043679	0
043687	0
043695	0
043711	0
043729	0
043737	0
043745	3
043752	0
043778	0
043786	0
043794	0
043802	0
043810	0
043828	0
043836	0
043844	0
043851	0
043869	0
043877	0
043885	0
043893	0
043901	0
043919	2
043927	0
043935	0
043950	0
043976	0
043992	0
044008	1
044016	0
044024	0
044032	1
044057	0
044065	0
044073	0
044081	0
044099	1
044107	0
044115	0
044123	0
044131	0
044149	0
044156	0
044164	1
044172	0
044180	7
044198	0
044206	0
044214	2
044230	0
044248	1
044289	0
044305	0
044339	0
044354	0
044362	0
044370	0
044396	0
044412	0
044420	0
044438	0
044446	0
044453	0
044461	0
044487	0
044495	0
044503	0
044537	0
044545	0
044552	0
044578	1
044586	0
044594	0
044602	0
044628	0
044636	0
044644	0
044651	0
044669	0
044677	0
044693	0
044701	0
044719	3
044735	0
044743	0
044768	0
044776	0
044784	0
044792	0
044800	0
044818	0
044826	0
044834	0
044859	1
044875	0
044891	0
044909	0
044917	0
044925	0
044933	0
044941	0
044958	0
044966	0
044974	0
044982	0
044990	0
045005	0
045013	0
045021	0
045039	0
045047	0
045054	0
045062	0
045070	0
045088	0
045096	0
045104	4
045146	0
045153	0
045161	0
045179	0
045187	0
045195	0
045211	0
045237	0
045245	0
045252	0
045260	0
045278	0
045286	0
045294	0
045310	0
045328	0
045336	4
045344	0
045351	0
045369	0
045377	1
045385	0
045419	0
045427	0
045435	0
045443	0
045450	0
045468	0
045518	0
045526	0
045534	0
045542	0
045559	0
045567	0
045583	0
045591	0
045609	0
045617	0
045625	0
045633	2
045666	0
045674	0
045682	0
045690	0
045708	0
045716	0
045724	0
045732	0
045740	0
045757	2
045765	0
045773	0
045781	0
045799	3
045807	0
045823	0
045831	0
045856	0
045864	0
045872	0
045880	0
045898	0
045914	0
045922	4
045930	0
045948	0
045955	0
045963	0
045989	0
046003	0
046037	0
046045	0
046052	0
046060	0
046086	2
046094	0
046102	0
046110	0
046128	0
046136	0
046144	0
046151	0
046169	0
046177	0
046185	0
046193	1
046201	0
046219	1
046227	0
046243	1
046276	0
046300	0
046318	0
046334	0
046359	0
046367	0
046375	0
046383	0
046391	0
046409	0
046417	1
046425	0
046441	0
046474	0
046482	0
046490	0
046508	0
046516	0
046524	0
046532	0
046540	2
046557	0
046565	2
046573	0
046581	0
046599	0
046607	0
046631	0
046649	0
046656	0
046664	0
046714	1
046722	5
046730	0
046748	1
046755	0
046771	0
046789	3
046797	0
046805	0
046813	0
046821	0
046839	0
046847	0
046870	0
046888	0
046896	0
046904	0
046912	0
046920	0
046938	0
046946	0
046953	0
046961	0
046979	0
046987	0
046995	0
047001	0
047019	0
047035	0
047043	0
047050	4
047100	0
047118	0
047126	0
047134	0
047142	1
047167	0
047175	0
047183	0
047209	0
047217	0
047225	0
047233	0
047241	0
047266	0
047274	0
047282	5
047290	0
047308	0
047316	0
047324	0
047332	0
047357	0
047365	0
047431	0
047456	0
047464	2
047472	0
047480	0
047498	0
047506	0
047514	2
047522	0
047530	0
047555	0
047563	0
047571	0
047589	0
047597	0
047605	0
047613	2
047621	0
047639	0
047647	0
047654	0
047670	0
047696	0
047704	0
047712	0
047720	0
047746	0
047753	0
047761	0
047779	0
047787	0
047795	0
047803	0
047811	0
047829	0
047837	0
047845	0
047860	0
047878	0
047886	0
047894	0
047902	0
047910	0
047936	2
047969	0
047985	0
048009	0
048033	0
048058	0
048066	0
048074	0
048082	0
048108	0
048116	0
048124	1
048132	0
048157	0
048165	0
048173	3
048181	0
048199	0
048207	0
048215	0
048249	0
048256	0
048264	0
048272	4
048280	2
048322	0
048330	0
048348	0
048355	0
048363	0
048371	0
048389	0
048397	1
048405	0
048413	0
048421	2
048439	0
048454	1
048462	2
048470	0
048496	0
048504	1
048512	0
048520	0
048538	0
048553	0
048561	0
048579	0
048595	0
048603	2
048611	0
048629	4
048645	0
048652	0
048660	0
048686	0
048710	0
048728	1
048736	0
048744	0
048769	0
048785	0
048801	0
048819	0
048827	0
048835	0
048843	4
048850	0
048876	0
048884	0
048892	0
048900	0
048918	0
048934	2
048942	2
048959	0
048975	0
048983	0
048991	0
049007	0
049015	0
049031	1
049049	2
049056	0
049064	0
049072	0
049114	0
049122	0
049130	2
049148	0
049163	0
049171	2
049197	0
049205	0
049213	1
049221	0
049239	0
049247	0
049254	6
049288	11
049296	0
049304	0
049312	0
049320	0
049338	0
049346	0
049353	0
049379	0
049387	0
049395	0
049403	0
049411	0
049429	0
049437	0
049452	5
049460	0
049478	0
049486	0
049494	0
049502	0
049510	0
049528	1
049536	0
049551	0
049577	0
049585	0
049593	0
049619	2
049627	0
049635	0
049643	0
049650	0
049668	0
049700	0
049718	0
049726	0
049734	1
049742	0
049759	0
049767	1
049775	0
049783	0
049791	0
049809	0
049817	0
049825	0
049833	0
049841	0
049874	0
049882	0
049908	0
049916	0
049924	0
049932	0
049940	0
049957	0
049965	0
049981	0
049999	0
050005	0
050013	0
050021	0
050039	0
050047	0
050054	0
050062	0
050096	0
050112	2
050138	0
050146	0
050179	0
050187	0
050195	0
050203	1
050211	0
050229	0
050237	0
050245	0
050252	0
050278	0
050286	0
050302	0
050310	0
050328	0
050369	0
050377	0
050385	0
050393	0
050401	0
050419	0
050427	0
050435	0
050443	0
050450	0
050468	0
050476	1
050484	0
050492	0
050518	0
050526	1
050534	0
050559	0
050567	0
050575	0
050583	1
050617	0
050625	1
050633	0
050641	0
050658	0
050674	0
050682	0
050708	0
050724	0
050732	0
050740	0
050757	0
050773	0
050799	0
050807	0
050815	1
050823	0
050831	2
050849	0
050856	0
050872	0
050880	0
050906	0
050914	0
050922	0
050930	0
050948	0
050955	0
050989	0
050997	0
051029	0
051037	0
051045	2
051052	0
051060	0
051078	0
051086	0
051094	1
051102	0
051110	0
051136	0
051151	9
051169	0
051177	0
051185	0
051193	0
051201	0
051219	0
051227	0
051235	0
051243	0
051268	0
051276	0
051292	0
051300	0
051318	0
051326	0
051342	0
051359	0
051367	0
051375	0
051391	0
051409	0
051417	1
051425	0
051458	0
051466	0
051482	0
051490	0
051508	0
051516	0
051524	0
051532	0
051557	0
051565	0
051581	0
051599	0
051607	1
051623	0
051631	0
051656	1
051672	1
051698	0
051706	0
051714	0
051722	0
051730	0
051755	0
051771	0
051789	0
051805	0
051813	0
051821	0
051839	0
051847	0
051854	0
051862	0
051870	0
051888	0
051904	0
051912	1
051938	0
051946	0
051953	0
051979	0
051995	0
052001	0
052019	0
052027	0
052035	0
052043	0
052050	0
052068	0
052076	0
052084	2
052100	0
052118	0
052126	0
052134	0
052142	0
052159	0
052175	0
052183	0
052191	0
052209	2
052217	0
052225	0
052241	0
052266	0
052274	0
052282	2
052290	0
052308	2
052316	0
052324	0
052332	0
052340	0
052357	0
052381	0
052399	1
052415	0
052431	0
052472	0
052480	0
052498	0
052514	0
052530	0
052548	1
052555	0
052563	0
052571	0
052589	0
052597	0
052605	0
052621	0
052662	0
052670	0
052688	0
052696	0
052704	0
052712	2
052720	0
052738	0
052746	0
052761	0
052795	0
052803	0
052811	0
052829	0
052845	0
052878	0
052886	1
052894	0
052902	2
052910	0
052928	0
052936	0
052944	1
052969	0
052977	0
052985	0
052993	0
053009	0
053025	0
053033	0
053041	3
053058	1
053066	0
053074	0
053082	0
053090	0
053108	0
053116	0
053124	0
053132	0
053140	0
053165	0
053173	0
053181	0
053199	0
053223	0
053231	0
053256	0
053264	0
053280	0
053298	2
053306	0
053348	0
053355	0
053371	1
053397	0
053405	0
053413	0
053421	0
053447	0
053462	0
053470	0
053488	0
053496	8
053504	0
053512	1
053520	0
053538	1
053546	0
053579	0
053595	0
053603	0
053611	2
053629	0
053637	0
053652	0
053678	0
053686	0
053694	0
053702	0
053728	0
053744	3
053751	0
053769	18
053777	0
053785	0
053793	0
053819	0
053827	0
053843	0
053868	0
053876	0
053892	0
053900	0
053918	0
053934	0
053942	0
053959	1
053967	0
053975	0
053983	0
053991	0
054007	0
054015	0
054023	1
054031	0
054049	0
054056	0
054064	0
054072	0
054080	1
054106	0
054122	0
054148	0
054155	0
054163	0
054171	0
054197	0
054205	0
054221	0
054239	0
054247	0
054262	0
054288	0
054312	3
054338	0
054346	0
054353	1
054361	2
054379	0
054387	0
054403	0
054411	0
054437	1
054452	0
054460	0
054478	1
054486	0
054494	0
054502	0
054528	0
054536	0
054544	0
054551	0
054569	0
054577	0
054585	0
054593	0
054601	0
054635	0
054643	0
054676	0
054684	0
054700	0
054734	0
054742	0
054759	0
054775	0
054783	0
054791	0
054809	0
054825	0
054858	0
054866	0
054890	0
054908	0
054924	0
054932	0
054940	0
054957	0
054965	0
054973	0
054981	0
054999	0
055004	0
055012	0
055020	0
055038	0
055046	0
055053	0
055061	0
055079	0
055087	0
055129	0
055137	0
055145	0
055160	0
055178	0
055186	0
055194	0
055202	0
055210	0
055244	0
055251	0
055269	0
055285	0
055293	0
055319	0
055327	0
055335	0
055368	1
055376	0
055384	0
055418	0
055434	0
055442	0
055459	2
055467	0
055475	2
055483	0
055517	0
055525	0
055533	0
055541	0
055558	0
055566	0
055574	0
055590	0
055624	30
055632	0
055657	0
055681	0
055699	144
055707	1
055715	0
055731	0
055756	0
055772	4
055780	0
055798	0
055806	0
055814	1
055822	0
055848	0
055855	1
055863	0
055871	0
055889	0
055897	0
055905	0
055913	0
055921	0
055939	0
055947	4
055954	0
055962	1
055970	0
055988	0
056002	0
056010	0
056036	0
056044	0
056051	0
056069	0
056085	0
056093	0
056101	0
056119	0
056127	0
056135	0
056143	0
056150	0
056168	0
056192	0
056200	0
056218	0
056242	0
056267	0
056275	0
056283	0
056291	0
056309	0
056317	0
056325	0
056333	0
056341	0
056358	0
056366	0
056382	0
056408	1
056424	0
056432	0
056440	0
056457	0
056465	0
056473	0
056481	0
056499	0
056507	0
056515	0
056523	0
056531	0
056549	0
056556	0
056564	0
056572	0
056580	0
056598	0
056614	0
056630	0
056648	0
056655	0
056663	0
056671	0
056705	0
056713	0
056762	0
056770	0
056788	0
056796	0
056804	0
056812	0
056820	0
056838	0
056846	0
056853	1
056861	0
056879	0
056887	7
056895	2
056911	0
056929	0
056937	0
056945	0
056952	1
056986	0
056994	0
057018	0
057026	0
057042	0
057059	5
057083	14
057091	0
057109	0
057117	0
057166	0
057174	0
057182	0
057190	0
057208	0
057216	0
057224	0
057232	0
057257	0
057265	0
057273	0
057281	1
057299	0
057307	1
057315	0
057323	0
057331	1
057356	0
057364	0
057372	0
057398	0
057406	0
057414	0
057448	0
057455	0
057463	1
057489	0
057497	0
057513	0
057547	0
057570	3
057588	0
057604	0
057620	0
057638	0
057653	0
057679	0
057687	0
057711	0
057729	0
057745	0
057760	0
057778	2
057786	0
057794	0
057802	0
057828	0
057836	0
057844	0
057851	0
057885	0
057893	0
057901	0
057919	0
057927	0
057935	0
057950	0
057968	0
057976	0
057984	0
057992	3
058008	0
058016	0
058024	0
058032	2
058081	0
058099	0
058107	0
058123	0
058149	0
058156	2
058164	0
058214	0
058222	0
058230	0
058255	1
058263	0
058271	0
058289	0
058305	42
058339	0
058347	0
058354	0
058362	0
058370	6
058388	0
058396	0
058404	0
058412	0
058420	0
058438	1
058446	0
058453	0
058479	0
058487	0
058495	0
058503	0
058511	0
058529	0
058537	0
058545	15
058552	0
058578	0
058594	0
058602	0
058610	0
058628	0
058669	2
058685	0
058693	0
058701	0
058719	0
058727	0
058743	0
058750	0
058768	0
058776	0
058784	0
058800	0
058826	0
058834	0
058842	0
058859	0
058867	0
058875	0
058883	0
058917	3
058925	0
058933	0
058958	0
058966	3
058974	0
058982	0
058990	1
059006	0
059014	0
059022	0
059055	0
059071	0
059089	0
059105	0
059113	0
059121	0
059139	0
059147	0
059154	0
059162	0
059170	0
059188	1
059204	0
059220	0
059238	0
059261	0
059279	0
059287	0
059295	2
059311	22
059329	1
059345	3
059352	0
059386	0
059394	0
059410	0
059428	0
059436	0
059444	0
059451	0
059469	0
059477	0
059485	0
059493	0
059501	0
059519	0
059527	0
059535	0
059550	0
059568	1
059584	0
059592	0
059600	0
059618	0
059626	0
059642	2
059659	0
059667	0
059675	0
059683	1
059691	0
059709	0
059717	7
059725	0
059733	1
059741	0
059758	0
059766	2
059774	7
059782	0
059790	0
059808	0
059816	0
059824	0
059832	1
059840	0
059865	0
059873	0
059881	0
059899	0
059907	0
059915	0
059923	0
059949	0
059956	1
059964	1
059972	0
059980	0
060004	0
060012	5
060020	0
060038	0
060046	0
060053	0
060061	0
060079	0
060111	0
060129	1
060137	0
060145	0
060152	0
060160	0
060178	0
060186	0
060194	0
060228	0
060236	0
060269	0
060277	0
060285	0
060293	0
060301	2
060319	0
060327	0
060335	0
060350	0
060368	0
060384	0
060392	0
060400	0
060418	0
060426	0
060434	0
060442	0
060467	0
060483	0
060509	0
060517	0
060558	0
060582	0
060590	0
060608	0
060616	0
060624	0
060632	0
060640	0
060657	0
060665	1
060673	0
060681	0
060699	0
060715	0
060723	0
060731	0
060756	0
060764	0
060772	0
060780	0
060798	0
060806	0
060814	0
060822	0
060830	0
060855	0
060863	0
060921	0
060947	0
060954	1
060962	0
060970	1
060988	0
060996	0
061002	0
061010	0
061036	0
061044	0
061051	0
061069	0
061077	0
061085	0
061101	0
061119	0
061127	0
061135	0
061143	0
061184	0
061192	0
061200	0
061218	0
061226	0
061234	0
061259	0
061267	0
061283	0
061291	0
061309	0
061317	0
061325	0
061333	0
061341	0
061358	0
061366	0
061374	0
061382	0
061390	0
061408	0
061416	1
061432	0
061440	0
061465	0
061473	0
061481	2
061507	5
061515	0
061549	0
061556	0
061564	0
061572	1
061598	0
061606	0
061622	0
061630	0
061655	0
061663	16
061671	0
061689	0
061697	0
061705	0
061739	0
061747	0
061754	0
061762	0
061770	0
061788	0
061820	0
061846	0
061861	0
061879	0
061911	0
061929	0
061937	0
061945	0
061952	0
061960	0
061978	0
061986	0
061994	0
062026	0
062034	0
062042	0
062067	0
062075	0
062083	0
062091	0
062109	39
062117	3
062125	0
062133	0
062158	0
062166	0
062174	0
062182	0
062190	0
062208	0
062216	0
062224	0
062232	0
062240	0
062257	0
062265	0
062299	0
062307	0
062315	0
062323	0
062331	0
062349	0
062356	0
062372	0
062380	0
062414	0
062422	0
062430	0
062455	0
062463	0
062471	0
062489	0
062497	0
062513	0
062521	2
062539	0
062547	1
062554	0
062562	0
062570	0
062588	0
062596	1
062612	0
062620	0
062646	0
062661	0
062679	0
062695	0
062703	1
062711	0
062729	0
062737	0
062745	0
062752	0
062760	0
062778	0
062786	0
062794	0
062802	0
062836	0
062844	0
062851	0
062869	0
062877	0
062885	0
062901	0
062919	0
062935	0
062943	2
062950	1
062968	0
062976	0
062992	0
063008	0
063024	0
063032	0
063040	0
063057	0
063081	0
063099	6
063107	0
063115	0
063131	0
063164	4
063172	0
063206	0
063222	0
063230	0
063248	0
063255	0
063271	0
063289	0
063297	0
063305	0
063313	0
063321	0
063362	0
063370	0
063388	1
063396	0
063404	0
063438	0
063446	0
063453	1
063461	0
063479	0
063487	0
063495	0
063529	0
063537	0
063545	0
063552	0
063560	0
063578	1
063594	0
063602	0
063610	0
063636	0
063651	0
063669	0
063677	0
063701	0
063719	0
063727	0
063735	0
063743	0
063750	0
063768	0
063776	0
063784	0
063792	1
063800	2
063818	0
063859	0
063867	0
063875	0
063883	0
063891	2
063909	0
063933	0
063941	0
063990	0
064006	0
064022	0
064030	0
064089	0
064105	0
064113	0
064121	0
064139	0
064147	0
064170	0
064188	0
064196	0
064204	0
064212	0
064220	0
064238	0
064246	0
064253	0
064279	0
064287	0
064295	0
064303	0
064311	0
064329	0
064337	0
064345	0
064352	0
064360	0
064394	0
064410	0
064428	0
064436	0
064444	0
064451	2
064469	0
064477	0
064485	0
064493	0
064519	0
064527	0
064535	0
064543	0
064550	1
064592	0
064618	0
064626	0
064642	3
064667	1
064675	0
064683	0
064691	0
064717	1
064733	0
064741	0
064758	0
064766	0
064774	0
064790	0
064808	0
064824	0
064832	0
064840	1
064857	0
064873	0
064881	4
064899	0
064907	0
064915	0
064949	0
064956	0
064980	0
065003	0
065011	0
065037	1
065052	0
065060	0
065078	0
065086	0
065094	0
065102	0
065110	0
065128	0
065136	0
065144	0
065151	0
065169	0
065177	0
065201	0
065227	0
065235	0
065243	0
065250	0
065268	0
065284	0
065292	0
065318	0
065326	0
065334	0
065359	0
065383	0
065391	0
065417	0
065425	0
065441	0
065458	0
065474	0
065482	0
065490	0
065508	0
065516	0
065524	0
065532	0
065540	0
065565	0
065581	0
065607	2
065615	0
065623	0
065631	0
065649	0
065664	0
065672	0
065680	0
065698	0
065706	0
065714	0
065722	0
065730	0
065748	0
065755	0
065771	0
065789	1
065797	0
065805	0
065821	0
065839	0
065847	0
065854	0
065862	0
065912	0
065920	0
065938	0
065961	0
066019	0
066027	0
066035	0
066043	2
066050	0
066068	0
066076	0
066084	0
066092	0
066100	0
066118	0
066126	0
066134	0
066142	0
066159	0
066175	0
066183	0
066209	0
066217	0
066225	0
066233	0
066241	0
066258	0
066282	0
066316	0
066324	0
066332	0
066340	0
066357	0
066373	0
066381	0
066399	0
066407	0
066415	0
066423	0
066431	0
066456	2
066464	7
066472	0
066480	1
066498	0
066522	0
066548	0
066555	0
066563	0
066571	0
066589	0
066597	0
066613	0
066621	0
066639	0
066647	0
066662	0
066670	0
066688	0
066696	0
066704	0
066738	0
066761	0
066779	0
066787	0
066795	0
066803	3
066829	0
066845	0
066860	0
066878	0
066902	0
066910	0
066928	0
066944	0
066969	0
066977	0
066985	0
066993	0
067017	0
067025	0
067066	0
067074	0
067090	0
067108	0
067116	0
067124	0
067132	0
067165	0
067173	0
067199	0
067207	1
067215	0
067223	0
067231	0
067249	0
067256	0
067264	0
067272	0
067306	0
067322	0
067348	0
067355	0
067363	0
067371	0
067389	0
067397	0
067421	0
067447	0
067454	0
067462	0
067470	3
067488	0
067496	0
067504	0
067512	0
067520	0
067538	0
067546	1
067553	0
067561	0
067579	0
067587	0
067603	0
067611	0
067629	0
067652	0
067660	0
067678	0
067694	0
067702	0
067736	0
067744	0
067751	0
067769	0
067785	0
067793	0
067801	0
067819	0
067827	0
067835	0
067843	0
067850	0
067868	0
067876	0
067884	0
067892	0
067900	0
067918	0
067926	0
067934	0
067942	0
067967	0
067991	0
068007	0
068015	0
068031	0
068049	0
068056	0
068064	0
068072	0
068080	0
068098	0
068106	0
068114	1
068122	0
068130	0
068148	0
068155	2
068163	0
068171	0
068189	0
068205	0
068213	0
068221	1
068239	0
068247	0
068254	0
068262	0
068270	0
068288	0
068312	0
068320	0
068338	0
068346	0
068353	0
068361	0
068387	0
068403	0
068429	0
068445	0
068460	0
068478	0
068494	0
068502	0
068510	0
068528	0
068536	1
068544	0
068551	0
068569	0
068577	0
068585	0
068593	0
068601	0
068627	1
068635	0
068643	0
068668	0
068676	0
068684	0
068692	0
068718	0
068726	0
068734	0
068742	0
068759	0
068767	0
068775	0
068783	0
068791	0
068809	6
068817	0
068825	0
068833	0
068841	0
068858	3
068866	0
068882	0
068908	0
068916	0
068932	0
068940	0
068957	0
068965	0
068999	0
069005	0
069013	0
069021	0
069039	0
069047	0
069062	0
069070	0
069096	0
069104	0
069112	0
069120	0
069153	0
069161	0
069179	0
069187	1
069195	2
069203	0
069211	0
069229	0
069237	0
069245	0
069252	0
069260	0
069278	0
069286	0
069294	0
069302	0
069310	0
069336	0
069344	0
069351	0
069369	0
069377	0
069385	0
069393	0
069427	0
069443	0
069450	0
069468	0
069484	0
069492	1
069500	0
069518	0
069526	0
069534	0
069542	0
069559	0
069567	0
069575	0
069591	0
069609	0
069617	0
069625	0
069633	0
069641	0
069658	0
069682	2
069708	4
069716	0
069724	0
069757	0
069773	0
069781	0
069799	0
069807	0
069815	2
069831	1
069849	0
069856	0
069880	0
069906	0
069914	0
069922	0
069930	0
069955	4
069963	0
069971	0
069989	0
069997	0
070003	0
070011	0
070037	0
070045	0
070052	0
070060	0
070078	0
070086	0
070094	0
070102	0
070128	0
070144	0
070151	0
070169	0
070177	1
070185	0
070193	0
070201	0
070219	0
070227	0
070235	0
070243	0
070250	0
070268	0
070276	0
070300	0
070318	0
070326	0
070334	0
070342	0
070367	2
070375	0
070391	0
070409	0
070417	0
070425	0
070441	3
070490	0
070516	0
070524	0
070532	0
070540	0
070573	0
070581	0
070599	0
070615	0
070623	2
070631	0
070649	0
070656	0
070672	0
070714	0
070730	0
070748	0
070755	0
070763	0
070771	0
070789	0
070797	0
070805	0
070813	0
070821	0
070839	0
070847	0
070854	0
070862	0
070870	0
070888	0
070904	0
070912	0
070920	0
070946	0
070961	0
070979	0
070987	0
071001	0
071019	0
071027	0
071043	0
071050	0
071076	10
071084	0
071092	0
071100	0
071118	1
071126	0
071134	0
071159	0
071175	0
071183	0
071191	0
071209	0
071217	0
071225	0
071233	0
071241	0
071266	0
071274	0
071282	1
071308	0
071316	0
071324	0
071332	1
071340	0
071357	0
071373	0
071381	0
071407	0
071415	0
071423	0
071431	0
071449	1
071456	0
071464	0
071472	0
071498	0
071514	0
071530	5
071548	0
071555	0
071571	0
071589	0
071597	0
071613	0
071639	0
071654	0
071662	0
071670	0
071696	0
071704	0
071712	0
071720	0
071746	0
071753	0
071761	0
071779	0
071787	0
071795	0
071811	0
071829	0
071837	0
071852	0
071860	0
071878	1
071886	0
071894	0
071910	0
071936	0
071951	0
071969	0
071977	0
071985	1
071993	0
072009	0
072017	0
072041	0
072058	0
072066	0
072082	0
072090	0
072108	0
072116	0
072132	0
072173	0
072181	0
072199	0
072207	0
072215	0
072223	0
072231	0
072256	0
072264	0
072280	0
072298	0
072306	0
072322	0
072330	0
072348	1
072355	0
072363	0
072371	0
072389	0
072397	7
072405	0
072413	0
072439	3
072447	0
072454	0
072462	0
072470	0
072488	0
072496	0
072504	0
072512	0
072520	0
072538	0
072546	0
072561	0
072579	0
072587	0
072595	0
072603	0
072645	0
072652	0
072660	0
072678	0
072702	0
072710	0
072736	0
072744	0
072751	0
072769	0
072785	0
072793	0
072850	0
072868	0
072884	0
072892	0
072900	0
072926	0
072934	0
072942	0
072959	4
072967	0
072975	0
073007	0
073015	0
073023	0
073049	0
073056	0
073064	0
073098	0
073106	0
073114	0
073130	0
073148	0
073163	0
073171	0
073189	0
073197	0
073205	0
073213	0
073221	0
073239	0
073247	0
073254	0
073262	0
073270	0
073296	0
073304	0
073312	0
073320	0
073346	0
073379	0
073387	0
073395	1
073403	0
073411	0
073437	0
073445	0
073452	2
073460	0
073478	0
073494	0
073510	0
073528	0
073551	0
073569	0
073577	0
073585	0
073593	0
073619	0
073627	0
073635	0
073643	0
073650	0
073668	0
073676	0
073684	0
073692	1
073700	0
073718	0
073726	0
073734	0
073742	0
073759	0
073783	0
073791	0
073809	2
073817	0
073825	0
073833	0
073841	0
073874	0
073908	0
073924	0
073932	0
073940	0
073957	1
073965	0
073973	2
073981	0
073999	2
074047	0
074054	0
074062	0
074070	0
074088	0
074096	0
074104	1
074112	0
074138	0
074153	0
074161	0
074237	0
074245	4
074252	0
074260	0
074286	0
074294	1
074302	0
074310	0
074328	0
074336	0
074344	0
074351	0
074369	0
074377	0
074385	0
074393	0
074401	0
074419	1
074443	0
074450	0
074476	0
074484	0
074492	0
074500	0
074518	0
074542	0
074559	0
074567	0
074583	0
074591	2
074609	0
074617	0
074625	2
074633	0
074641	0
074658	0
074666	0
074682	0
074690	0
074708	0
074716	0
074724	0
074732	0
074757	0
074773	0
074781	0
074799	0
074807	0
074815	0
074823	0
074831	0
074849	0
074856	0
074864	0
074872	0
074880	0
074898	0
074922	0
074955	0
074963	0
074971	0
074989	0
074997	0
075002	0
075028	0
075036	0
075044	0
075051	0
075069	0
075077	0
075101	0
075127	0
075135	0
075150	0
075168	0
075176	0
075184	0
075192	0
075200	0
075259	0
075267	0
075275	0
075283	0
075291	0
075309	0
075317	0
075325	0
075333	0
075341	0
075358	0
075366	0
075374	0
075382	0
075408	0
075416	0
075432	0
075440	0
075457	3
075465	0
075481	0
075515	0
075523	0
075531	0
075549	0
075556	0
075580	0
075598	0
075655	0
075663	0
075671	0
075697	0
075705	0
075713	0
075721	0
075747	0
075754	0
075762	0
075788	0
075796	0
075804	0
075812	0
075820	0
075846	0
075853	1
075861	0
075879	0
075887	0
075895	0
075911	0
075929	0
075945	0
075960	0
075978	0
075986	0
075994	0
076000	0
076026	0
076034	0
076042	0
076059	0
076067	0
076083	0
076091	0
076109	0
076117	0
076125	0
076133	0
076158	0
076166	0
076174	0
076182	0
076190	0
076208	0
076216	0
076224	0
076232	0
076240	0
076257	0
076265	0
076273	0
076299	0
076307	7
076315	5
076331	0
076356	0
076364	0
076398	0
076414	0
076422	0
076430	0
076448	0
076455	0
076463	0
076497	0
076505	0
076513	0
076521	0
076547	0
076554	0
076562	9
076570	0
076596	0
076604	0
076612	0
076620	0
076638	0
076646	0
076653	0
076661	0
076679	0
076687	0
076695	0
076703	0
076711	0
076729	0
076745	0
076752	0
076760	0
076794	0
076810	0
076828	0
076836	0
076844	0
076851	0
076869	0
076885	0
076893	0
076901	0
076919	0
076927	0
076935	0
076968	0
076976	0
076984	0
076992	0
077024	0
077057	0
077065	0
077073	0
077099	0
077107	0
077115	0
077123	0
077131	0
077172	0
077180	0
077214	0
077222	0
077230	0
077248	0
077263	0
077271	0
077289	1
077297	0
077305	0
077313	0
077321	0
077354	0
077388	0
077396	0
077404	0
077412	0
077461	0
077487	0
077503	0
077511	0
077529	0
077537	0
077545	0
077552	0
077560	0
077578	0
077586	2
077594	0
077610	0
077628	0
077636	0
077644	0
077651	0
077669	0
077677	0
077685	0
077693	0
077701	0
077719	0
077727	0
077743	0
077750	0
077768	0
077776	0
077784	0
077792	0
077800	0
077818	0
077826	0
077834	0
077859	0
077867	0
077875	0
077883	0
077891	0
077909	0
077917	0
077933	0
077941	0
077958	0
077966	0
077974	0
077990	0
078006	0
078014	0
078030	0
078048	0
078055	0
078063	0
078097	0
078113	0
078147	0
078154	0
078162	0
078170	0
078188	0
078196	0
078204	0
078212	0
078220	0
078246	0
078253	0
078261	0
078279	0
078329	0
078337	0
078352	0
078360	2
078378	0
078386	1
078394	0
078410	0
078428	0
078451	0
078469	0
078477	0
078501	0
078519	0
078535	0
078543	0
078550	0
078584	0
078592	0
078600	0
078618	0
078626	0
078634	0
078642	0
078659	0
078667	0
078675	0
078683	0
078717	0
078725	0
078733	0
078741	0
078758	0
078766	0
078774	0
078782	0
078790	0
078816	0
078832	0
078857	0
078865	0
078873	0
078881	0
078907	0
078923	0
078931	0
078949	0
078964	0
078972	0
078998	0
079004	0
079012	0
079020	0
079038	0
079046	0
079053	0
079061	0
079087	1
079095	0
079137	0
079145	0
079152	0
079178	0
079186	0
079194	0
079202	0
079236	0
079244	0
079251	0
079269	0
079293	0
079301	0
079327	0
079335	0
079343	0
079350	0
079368	0
079384	0
079418	0
079434	0
079442	2
079459	0
079467	0
079483	0
079491	0
079509	0
079517	0
079525	0
079533	0
079541	0
079558	0
079566	0
079574	0
079582	0
079590	0
079608	0
079616	0
079624	3
079632	0
079657	0
079665	0
079673	0
079681	0
079699	0
079707	0
079715	0
079723	0
079731	0
079749	0
079756	0
079764	0
079772	0
079780	0
079798	0
079806	0
079814	0
079830	0
079848	0
079855	0
079863	0
079871	0
079889	0
079905	0
079913	0
079921	0
079939	0
079947	0
079954	0
079962	0
079970	0
079996	0
080010	0
080028	0
080036	0
080044	0
080051	0
080077	0
080085	0
080101	0
080119	0
080127	0
080135	0
080143	0
080168	0
080176	0
080200	0
080218	0
080226	0
080242	0
080267	0
080283	3
080291	0
080309	0
080317	0
080325	0
080333	0
080341	0
080366	0
080374	0
080382	3
080408	1
080416	0
080424	0
080432	0
080440	0
080457	0
080465	0
080499	0
080507	0
080515	0
080531	0
080549	0
080556	0
080564	0
080572	0
080580	0
080598	0
080606	0
080622	0
080630	0
080648	0
080655	0
080663	0
080671	0
080689	0
080697	0
080705	0
080713	0
080721	0
080739	0
080747	0
080754	0
080770	0
080788	0
080796	0
080804	0
080820	0
080846	0
080853	0
080861	0
080879	0
080887	0
080895	0
080903	0
080929	0
080937	0
080945	0
080952	0
080960	0
080978	0
080986	0
080994	0
081000	0
081018	0
081026	0
081042	0
081067	0
081075	0
081083	0
081091	0
081109	0
081117	0
081125	0
081141	0
081158	0
081166	0
081174	0
081182	0
081208	0
081216	0
081232	0
081240	0
081257	0
081265	0
081273	0
081281	0
081299	0
081307	0
081323	0
081331	0
081349	0
081356	0
081364	0
081380	0
081398	0
081414	0
081422	0
081430	0
081448	0
081455	0
081463	0
081471	0
081489	0
081497	0
081505	0
081513	0
081521	0
081539	0
081547	0
081554	0
081570	0
081596	6
081604	0
081612	0
081620	0
081646	0
081653	0
081661	0
081687	0
081695	0
081703	0
081711	0
081729	0
081737	0
081745	0
081752	0
081778	0
081786	1
081794	0
081802	0
081828	0
081844	0
081869	0
081885	0
081927	0
081935	0
081943	0
081950	0
081968	0
081976	0
081984	0
081992	0
082008	0
082016	0
082024	0
082032	0
082057	0
082065	0
082081	0
082099	0
082107	0
082115	0
082123	0
082131	0
082156	0
082164	0
082214	0
082222	0
082230	0
082248	0
082255	0
082263	0
082271	0
082289	0
082297	0
082305	0
082321	0
082339	0
082347	0
082362	0
082370	0
082396	0
082420	0
082438	0
082446	0
082461	0
082479	0
082487	0
082495	0
082503	0
082511	1
082529	0
082537	0
082552	0
082594	0
082602	0
082610	0
082628	0
082636	0
082644	0
082651	0
082669	0
082677	0
082685	0
082693	0
082719	0
082735	0
082750	0
082768	0
082776	0
082784	0
082792	0
082818	0
082842	0
082891	0
082917	0
082925	0
082958	0
082966	0
082974	0
082982	0
082990	0
083006	0
083014	0
083022	0
083030	0
083055	0
083071	0
083089	0
083097	1
083113	0
083121	0
083154	0
083162	0
083170	0
083204	3
083212	3
083238	0
083246	0
083253	0
083261	1
083287	0
083295	0
083329	0
083352	0
083378	0
083386	0
083402	0
083410	0
083428	2
083436	0
083444	0
083451	0
083469	0
083485	0
083493	0
083535	0
083543	0
083550	1
083576	0
083592	0
083618	0
083626	0
083634	0
083642	0
083659	1
083675	0
083683	0
083691	0
083717	0
083725	0
083733	0
083741	0
083758	0
083766	0
083774	0
083790	0
083808	0
083816	0
083824	0
083840	0
083857	0
083865	0
083873	0
083881	0
083907	0
083915	0
083923	0
083931	0
083949	0
083956	0
083964	1
083972	0
083980	0
083998	1
084012	0
084020	0
084038	0
084046	0
084087	0
084103	0
084111	0
084129	0
084137	0
084145	0
084160	3
084178	0
084194	0
084202	0
084210	0
084228	0
084244	0
084251	0
084269	0
084285	0
084293	0
084327	0
084335	0
084343	1
084350	0
084376	0
084392	0
084400	0
084418	0
084426	0
084434	0
084442	0
084459	0
084467	0
084483	0
084517	0
084525	0
084533	0
084541	0
084558	0
084566	0
084574	0
084582	0
084590	0
084608	0
084616	0
084624	0
084632	0
084640	0
084657	1
084665	0
084673	0
084707	0
084715	1
084723	0
084731	0
084756	0
084764	0
084772	3
084780	0
084798	0
084806	1
084848	0
084871	0
084889	0
084897	0
084913	0
084921	0
084947	0
084954	0
084962	0
084970	0
084988	0
085001	0
085019	0
085027	0
085035	0
085043	0
085050	0
085068	0
085084	0
085092	2
085100	0
085118	0
085126	0
085134	0
085167	0
085175	0
085183	0
085191	0
085217	0
085225	0
085233	0
085241	0
085258	0
085266	0
085274	0
085316	0
085324	0
085332	0
085340	0
085357	0
085365	0
085373	0
085381	0
085399	0
085415	0
085423	0
085431	0
085456	0
085472	0
085498	0
085506	0
085514	0
085522	1
085530	5
085548	0
085555	0
085571	0
085589	0
085597	0
085605	0
085613	0
085621	0
085639	0
085647	0
085654	0
085670	0
085688	0
085696	0
085712	0
085720	0
085738	1
085746	0
085795	0
085837	0
085852	0
085860	0
085878	0
085886	1
085894	0
085902	0
085910	0
085936	0
085944	0
085969	0
085977	0
085985	0
085993	0
086017	0
086025	0
086033	0
086041	0
086058	0
086066	0
086074	0
086082	0
086090	0
086108	0
086116	0
086124	0
086132	0
086140	0
086157	0
086165	0
086173	0
086199	0
086207	0
086215	0
086223	0
086231	0
086249	2
086256	0
086272	0
086280	0
086298	0
086306	0
086322	0
086330	0
086348	0
086363	0
086371	0
086389	0
086397	0
086413	0
086421	0
086439	0
086447	0
086454	0
086462	2
086470	5
086488	0
086496	0
086504	0
086512	0
086538	0
086553	0
086561	0
086579	0
086587	0
086595	0
086611	0
086629	0
086637	0
086645	0
086652	2
086660	0
086678	0
086702	0
086710	0
086728	0
086744	0
086785	0
086793	0
086801	0
086819	0
086827	0
086843	0
086868	0
086876	0
086884	0
086892	0
086900	0
086934	0
086942	0
086983	0
086991	0
087007	0
087015	3
087023	0
087031	0
087049	0
087072	0
087080	0
087106	0
087114	0
087122	0
087130	0
087148	0
087155	0
087163	0
087171	0
087189	0
087197	0
087213	0
087239	0
087247	0
087254	0
087270	0
087288	0
087296	0
087304	0
087320	0
087353	0
087361	0
087379	0
087387	0
087395	1
087403	0
087411	0
087429	0
087437	0
087445	0
087460	0
087486	0
087494	0
087510	0
087551	0
087569	0
087577	0
087585	0
087593	0
087619	1
087627	0
087643	0
087650	0
087668	0
087676	0
087692	0
087700	0
087718	0
087726	0
087742	0
087759	0
087775	0
087783	0
087809	0
087817	0
087825	0
087833	0
087841	0
087858	0
087866	0
087874	0
087882	0
087890	0
087908	0
087916	0
087924	0
087932	0
087940	0
087965	0
087973	0
087981	0
088005	0
088013	0
088021	0
088039	0
088047	0
088054	0
088062	0
088070	0
088088	0
088096	0
088112	0
088120	0
088138	0
088146	0
088153	0
088161	0
088179	0
088195	0
088229	0
088252	0
088260	0
088278	4
088286	0
088302	0
088310	0
088328	0
088336	0
088351	0
088377	0
088385	0
088393	0
088401	0
088419	0
088427	0
088435	0
088468	0
088476	0
088484	0
088492	0
088500	0
088518	0
088526	0
088534	0
088583	1
088591	0
088609	0
088617	0
088633	0
088666	0
088682	0
088690	0
088708	0
088716	0
088724	0
088732	0
088740	0
088757	0
088765	0
088773	0
088781	0
088807	0
088815	1
088823	0
088831	0
088849	0
088856	0
088864	0
088872	0
088898	1
088906	0
088914	0
088922	0
088930	0
088948	0
088955	0
088963	0
088989	0
088997	0
089003	0
089011	0
089052	0
089060	0
089078	1
089086	0
089094	0
089102	0
089110	0
089128	0
089144	1
089151	0
089169	0
089177	0
089185	0
089201	0
089219	0
089227	0
089235	0
089243	0
089250	0
089268	0
089276	0
089284	0
089292	0
089300	0
089326	0
089334	0
089342	0
089359	0
089367	0
089383	0
089391	0
089409	0
089417	0
089425	0
089433	0
089441	0
089458	0
089466	3
089482	0
089490	6
089508	0
089516	0
089565	0
089581	0
089599	0
089607	0
089615	0
089623	0
089631	0
089649	0
089664	0
089680	0
089698	0
089706	0
089714	0
089730	0
089755	0
089763	0
089771	0
089797	0
089805	0
089813	0
089821	0
089839	0
089847	0
089854	2
089870	0
089904	0
089912	0
089920	0
089938	0
089946	0
089953	0
089961	0
089979	0
089987	0
089995	0
090001	0
090027	0
090035	0
090068	0
090076	0
090084	0
090092	0
090100	0
090126	0
090134	0
090142	0
090159	0
090167	0
090175	0
090183	0
090191	0
090209	0
090217	0
090225	0
090233	0
090241	0
090258	0
090274	0
090290	0
090308	0
090316	0
090324	0
090332	0
090340	0
090357	0
090399	0
090415	0
090431	0
090449	0
090456	1
090464	0
090472	0
090480	0
090498	0
090506	0
090514	0
090530	0
090555	0
090563	0
090571	0
090605	0
090613	0
090621	0
090647	0
090654	0
090662	0
090696	1
090704	2
090712	0
090720	0
090738	0
090746	0
090753	1
090761	0
090795	0
090811	0
090829	0
090837	0
090845	0
090852	0
090860	0
090878	0
090886	0
090894	0
090910	0
090928	0
090936	0
090944	0
090969	0
090977	0
090985	0
090993	0
091009	0
091041	0
091058	0
091066	0
091074	0
091082	0
091090	0
091108	0
091116	0
091124	0
091132	0
091173	1
091199	0
091207	0
091215	0
091223	0
091231	0
091256	2
091264	0
091272	0
091280	0
091298	0
091306	0
091314	0
091322	0
091330	0
091355	0
091389	0
091397	0
091405	0
091413	0
091421	0
091454	0
091462	0
091470	0
091488	0
091496	0
091504	0
091512	0
091520	0
091538	0
091553	0
091579	0
091587	0
091595	0
091603	0
091611	0
091629	0
091637	0
091652	0
091660	0
091678	0
091686	0
091702	0
091710	0
091728	0
091736	0
091744	0
091751	0
091777	0
091785	0
091793	0
091801	0
091819	0
091827	0
091835	0
091843	0
091850	0
091876	0
091884	0
091892	1
091900	0
091918	1
091934	0
091942	0
091967	0
091975	0
091991	0
092007	0
092015	0
092023	0
092031	0
092056	0
092072	0
092080	0
092098	0
092106	0
092114	0
092122	0
092130	0
092148	3
092155	0
092163	0
092189	1
092205	0
092213	0
092221	0
092239	0
092247	0
092262	0
092288	0
092296	0
092304	0
092338	0
092346	0
092353	0
092361	2
092379	0
092387	0
092403	2
092429	0
092437	0
092445	0
092452	0
092460	0
092478	0
092486	0
092494	0
092510	0
092528	0
092536	0
092544	0
092551	0
092569	0
092577	0
092585	0
092601	0
092619	0
092643	0
092650	0
092668	0
092684	0
092700	0
092718	0
092726	0
092734	0
092742	0
092767	0
092791	0
092817	1
092825	0
092833	0
092841	0
092866	0
092874	0
092882	0
092890	0
092916	4
092924	0
092932	0
092940	0
092957	0
092973	0
092981	0
092999	0
093005	0
093013	0
093021	0
093047	0
093054	0
093070	0
093096	0
093104	0
093112	0
093120	0
093138	0
093153	0
093161	0
093179	0
093187	0
093195	0
093203	0
093211	0
093229	0
093237	0
093245	1
093252	0
093278	4
093294	1
093310	0
093344	0
093351	0
093369	0
093377	0
093393	0
093401	0
093419	0
093435	0
093450	0
093468	2
093476	0
093492	0
093500	0
093518	0
093526	0
093534	0
093559	0
093567	2
093575	0
093591	0
093609	0
093617	0
093625	0
093633	0
093641	0
093658	0
093666	0
093682	0
093690	1
093708	0
093716	0
093724	0
093740	0
093757	0
093773	0
093781	0
093799	0
093815	0
093831	0
093856	0
093880	0
093898	0
093906	0
093914	0
093922	0
093930	0
093948	0
093955	0
093963	0
093971	0
093989	0
094003	0
094011	0
094029	0
094037	0
094045	0
094052	0
094060	0
094078	0
094086	0
094094	0
094102	0
094110	0
094128	0
094136	0
094144	1
094151	0
094169	0
094177	0
094185	1
094235	0
094243	5
094276	0
094284	0
094326	0
094334	0
094375	0
094383	0
094391	0
094417	0
094433	0
094441	0
094458	0
094466	0
094474	0
094482	0
094490	0
094516	0
094524	0
094532	0
094540	0
094565	0
094599	0
094607	0
094615	0
094623	0
094631	0
094649	0
094656	0
094672	0
094680	0
094698	0
094714	0
094722	0
094748	0
094755	0
094763	0
094771	0
094789	0
094797	0
094839	0
094847	0
094862	0
094888	0
094896	0
094904	0
094920	0
094938	0
094946	0
094953	0
094961	0
094979	2
094987	0
094995	0
095018	0
095034	0
095042	0
095059	0
095067	0
095075	0
095083	0
095133	0
095141	0
095158	0
095182	0
095190	0
095208	0
095216	0
095224	0
095257	0
095265	0
095273	0
095281	0
095307	0
095315	0
095323	0
095349	0
095356	0
095364	0
095372	0
095380	0
095398	0
095414	0
095430	0
095448	0
095455	0
095463	0
095471	0
095489	0
095497	0
095505	0
095513	0
095521	0
095539	0
095547	0
095554	0
095562	0
095570	0
095588	0
095596	0
095620	0
095638	0
095646	0
095653	2
095661	0
095679	0
095687	0
095695	0
095703	0
095711	0
095737	0
095745	0
095752	0
095778	0
095786	0
095794	0
095802	0
095810	0
095828	0
095844	0
095851	0
095869	0
095877	0
095885	0
095893	0
095901	0
095919	0
095927	0
095935	0
095950	0
095976	0
095984	0
095992	0
096008	0
096016	0
096024	0
096040	0
096057	0
096065	0
096073	0
096198	0
096206	0
096214	0
096222	0
096248	0
096263	0
096271	0
096289	0
096297	1
096305	0
096313	0
096339	0
096347	0
096354	0
096362	0
096388	0
096396	0
096412	0
